,texts_Infonavit
0,conference president the director of the infonavit carlos martinez velazquez said that during the infonavit
1,this year infonavit has delivered a thousand credits for selfconstruction directly without intermediaries
2,this year infonavit has delivered a thousand credits for selfconstruction directly without intermediaries for improvement
3,at the morning conference the secretary meyerfal with the undersecretary davidrcervantes and the headlines delinfonavit and d
4,we address the housing backwardness product of neoliberalism with more than a thousand actions by sedatumx more than
5,this year infonavit has delivered a thousand credits for selfconstruction directly without intermediaries for improvement
6,this year infonavit has delivered a thousand credits for selfconstruction directly without intermediaries for improvement
7,conference president lopezobrador thanked the deputies for the approval of the reform that allows people to
8,carlos martinez carlosmartinezv director of infonavit also attended the meeting with the ip for the discussion of the ou
9,today we present the advances in housing and the strategies that we are promoting to directly support the
10,today we present the advances in housing and the strategies that we are promoting to directly support the
11,they told lopezobrador that it has been mentioned for weeks that people who are not listed on infonavit could
12,the resources managed by the infonavit are individualized in the housing subaccount of each worker therefore
13,they told lopezobrador that it has been mentioned for weeks that people who are not listed on infonavit could
14,this year infonavit has delivered a thousand credits for selfconstruction directly without intermediaries for improvement
15,they asked what happened to the people who have not been able to pay their credits infonavit with the pandemic the director general
16,we address the housing backwardness product of neoliberalism with more than a thousand actions by sedatumx more than
17,we address the housing backwardness product of neoliberalism with more than a thousand actions by sedatumx more than
18,this year infonavit has delivered a thousand credits for selfconstruction directly without intermediaries for improvement
19,they told lopezobrador that it has been mentioned for weeks that people who are not listed on infonavit could
20,i want to thank secretary meyerfalcon and president lopezobrador because they were the ones who promoted the pol
21,congratulations to carlosmartinezv general director of infonavit for receiving the men and women of the house award his l
22,many congratulations carlosmartinezvdg infonavit for the men and women of the centrourbano house award we will continue
23,the resources managed by the infonavit are individualized in the housing subaccount of each worker therefore
24,this year infonavit has delivered a thousand credits for selfconstruction directly without intermediaries for improvement
25,the resources managed by infonavit are individualized in the housing subaccount of each worker therefore
26,carlos martinez carlosmartinezv director of infonavit also attended the meeting with the ip for the discussion of
27,this morning it was reported that in coordination with the fovissstemx infonavity a thousand actions of
28,meyerfalcon sedatumx conavimx fovissstemx infonavit thank you it was very good to hear details about the corru
29,this year infonavit has delivered a thousand credits for selfconstruction directly without intermediaries for improvement
30,we address the housing backwardness product of neoliberalism with more than a thousand actions by sedatumx more than
31,this year infonavit has delivered a thousand credits for selfconstruction directly without intermediaries for improvement
32,this morning it was reported that in coordination with the fovissstemx infonavity a thousand actions of
33,we address the housing backwardness product of neoliberalism with more than a thousand actions by sedatumx more than
34,this year infonavit has delivered a thousand credits for selfconstruction directly without intermediaries for improvement
35,this year infonavit has delivered a thousand credits for selfconstruction directly without intermediaries for improvement
36,they asked what happened to the people who have not been able to pay their credits infonavit with the pandemic the director general
37,informocarlosmartinez that the infonavit has more formalized credits so far from and supported
38,vicenteserrano lopezobrador infonavit ehhhh step aside rightholders sorry that now the infonavi
39,informocarlosmartinez that the infonavit has more formalized credits so far from and to
40,infonavit hrc congratulations infonavit
41,we obtained the certification of best places to work lgbt by the hrc foundation the tra event is still alive
42,congratulations infonavit hrcequidadmx infonavit
43,this year infonavit has delivered a thousand credits for selfconstruction directly without intermediaries for improvement
44,this year infonavit has delivered a thousand credits for selfconstruction directly without intermediaries for improvement
45,we address the housing backwardness product of neoliberalism with more than a thousand actions by sedatumx more than
46,this year infonavit has delivered a thousand credits for selfconstruction directly without intermediaries for improvement
47,know the new supports for your workers that infonavit offers the objective is to provide access to adequate housing
48,banorte listens to the question is if you have already done the activities recommended by infonavit today i returned it to you
49,we address the housing backwardness product of neoliberalism with more than a thousand actions by sedatumx more than
50,infonavit i receive emails to update my password is yours
51,governmentmx sedatumx fovissstemx infonavit neoliberalism is the best more houses were never built
52,govt sedatumx fovissstemx infonavit and they continue to divide the country with these propaganda messages
53,thanks to you we work for a suitable home for all and all government mx sedatumx infonavit fovissstemx
54,many congratulations for this welldeserved recognition to lic carlosmartinezv who has made a great effort to the fre
55,i want to thank secretary meyerfalcon and president lopezobrador because they were the ones who promoted the pol
56,we address the housing backwardness product of neoliberalism with more than a thousand actions by sedatumx more than
57,i want to thank secretary meyerfalcon and president lopezobrador because they were the ones who promoted the pol
58,the general director of infonavit carlosmartinezv presents the advances in the placement of loans for housing
59,the general director of infonavit carlosmartinezv mentions options and modalities to benefit workers c
60,clarify the director general of the infonavit carlosmartinezv and the executive member of the fovissste agustin gustavo rodrigue
61,they told lopezobrador that it has been mentioned for weeks that people who are not listed on infonavit could
62,thanks to you we work for a suitable home for all and all government mx sedatumx infonavit fovissstemx
63,this year infonavit has delivered a thousand credits for selfconstruction directly without intermediaries for improvement
64,we address the housing backwardness product of neoliberalism with more than a thousand actions by sedatumx more than
65,thanks to you we work for a suitable home for all and all government mx sedatumx infonavit fovissstemx
66,we address the housing backwardness product of neoliberalism with more than a thousand actions by sedatumx more than
67,learn about the new supports for your workers that infonavit offers the objective is to provide access to a home
68,we address the housing backwardness product of neoliberalism with more than a thousand actions by sedatumx more than
69,we address the housing backwardness product of neoliberalism with more than a thousand actions by sedatumx more than
70,this year infonavit has delivered a thousand credits for selfconstruction directly without intermediaries for improvement
71,governnomx sedatumx fovissstemx infonavit when we do our homework we do not need to proclaim it in case
72,infonavit present at hrc equity mx infonavit was awarded the best places to work certification
73,this year infonavit has delivered a thousand credits for selfconstruction directly without intermediaries for improvement
74,the cp luis fernando hernandez ozuna fernandoheoz general director of i accompanies us in the citizen voices program
75,they told lopezobrador that it has been mentioned for weeks that people who are not listed on infonavit could
76,now in addition to the credits to buy a house the infonavit grants other credits credit for the improvement of housing
77,this year infonavit has delivered a thousand credits for selfconstruction directly without intermediaries for improvement
78,we address the housing backwardness product of neoliberalism with more than a thousand actions by sedatumx more than
79,vicenteserrano lopezobrador infonavit and what the punishing achichincle flattery said
80,building your house on your land is something you have always had in mind in pocket advice we explain how it works
81,vicenteserrano lopezobrador infonavit and thats how you lived as a repeater where is the interest in the unemployed sa
82,they told lopezobrador that it has been mentioned for weeks that people who are not listed on infonavit could
83,they told lopezobrador that it has been mentioned for weeks that people who are not listed on infonavit could
84,vicenteserrano infonavit la gaviota and suzana zabaleta punetas want a house of those
85,congratulations to carlosmartinezv general director of infonavit for receiving the men and women of the house award his l
86,if you think about remodeling carry out maintenance works or expand your home in addition to the credits of the winter
87,since the start of the new stage of the dst the director mariomaciasrobl has made a constant call for unity
88,the general director of the infonavit carlos martinez velazquez commented that the people who worked for the state to
89,know the new supports for your workers that infonavit offers the objective is to provide access to adequate housing
90,attend our next solutions fair in campeche we will be attending the signing of flexipago agreements and settlement of d
91,request your infonavit credit prequalify in my infonavit account to know your points and the amount of the credit
92,we obtained the certification of best places to work lgbt by the hrc foundation the tra event is still alive
93,did you know that the last months of the year especially december is when we spend the most on pocket counseling we give you r
94,know the new supports for your workers that infonavit offers the objective is to provide access to adequate housing
95,we address the housing backwardness product of neoliberalism with more than a thousand actions by sedatumx more than
96,today we present the advances in housing and the strategies that we are promoting to directly support the
97,we address the housing backwardness product of neoliberalism with more than a thousand actions by sedatumx more than
98,this year infonavit has delivered a thousand credits for selfconstruction directly without intermediaries for improvement
99,this year infonavit has delivered a thousand credits for selfconstruction directly without intermediaries for improvement
100,we address the housing backwardness product of neoliberalism with more than a thousand actions by sedatumx more than
101,this year infonavit has delivered a thousand credits for selfconstruction directly without intermediaries for improvement
102,attend our next solutions fair in campeche we will be attending the signing of flexipago agreements and settlement of d
103,request your infonavit credit prequalify in my infonavit account to know your points and the amount of the credit
104,this year infonavit has delivered a thousand credits for selfconstruction directly without intermediaries for improvement
105,the th edition of the hym award continues with the participation of the secretary meyerfal with the head of the infonavit carlosma
106,members and steering committee congratulate lic carlosmartinezv general director of infonavit for having obtained the
107,request your infonavit credit prequalify in my infonavit account to know your points and the amount of the credit
108,infonavit will be able to place approximately one thousand new credits of one thousand pesos for selfproduction at the end of
109,we address the housing backwardness product of neoliberalism with more than a thousand actions by sedatumx more than
110,jebusmr government mx carlosmartinezv sedatumx horaciourbano centrourbano infonavit hello please write
111,we address the housing backwardness product of neoliberalism with more than a thousand actions by sedatumx more than
112,request your infonavit credit prequalify in my infonavit account to know your points and the amount of the credit
113,i am fer inpimx governomx sedatumx fovissstemx infonavit does the cauliflower burn you
114,we address the housing backwardness product of neoliberalism with more than a thousand actions by sedatumx more than
115,this year infonavit has delivered a thousand credits for selfconstruction directly without intermediaries for improvement
116,request your infonavit credit prequalify in my infonavit account to know your points and the amount of the credit
117,we address the housing backwardness product of neoliberalism with more than a thousand actions by sedatumx more than
118,this year infonavit has delivered a thousand credits for selfconstruction directly without intermediaries for improvement
119,we address the housing backwardness product of neoliberalism with more than a thousand actions by sedatumx more than
120,this year infonavit has delivered a thousand credits for selfconstruction directly without intermediaries for improvement
121,know the new supports for your workers that infonavit offers the objective is to provide access to a home
122,today we present the advances in housing and the strategies that we are promoting to directly support the
123,unicachpress academic workers grouped in spaunicach carry out a march in tuxtlagutierrez chiapas accuse that
124,they asked what happened to the people who have not been able to pay their credits infonavit with the pandemic the director general
125,this year infonavit has delivered a thousand credits for selfconstruction directly without intermediaries for improvement
126,we attend to the housing backwardness product of neoliberalism with more than thousand actions by
127,this year infonavit has delivered a thousand credits for selfconstruction directly without interruption
128,this year infonavit has delivered a thousand credits for selfconstruction directly without intermediaries for improvement
129,this year infonavit has delivered a thousand credits for selfconstruction directly without intermediaries for improvement
130,exclusive interview with the delegate of infonavit veracruz erikporres people have joined their credits inf
131,they asked what happened to the people who have not been able to pay their credits infonavit with the pandemic the director general
132,we address the housing backwardness product of neoliberalism with more than a thousand actions by sedatumx more than
133,today we present the advances in housing and the strategies that we are promoting to directly support the
134,this year infonavit has delivered a thousand credits for selfconstruction directly without intermediaries for improvement
135,unicachpress academic workers grouped in spaunicach carry out a march in tuxtlagutierrez chiapas accuse that
136,this year infonavit has delivered a thousand credits for selfconstruction directly without intermediaries for improvement
137,i want to thank secretary meyerfalcon and president lopezobrador because they were the ones who promoted the pol
138,vicenteserrano infonavit would help us know if we who live in the usa can buy and have the credit
139,this year infonavit has delivered a thousand credits for selfconstruction directly without intermediaries for improvement
140,we address the housing backwardness product of neoliberalism with more than a thousand actions by sedatumx more than
141,this year infonavit has delivered a thousand credits for selfconstruction directly without intermediaries for improvement
142,government sedatumx fovissstemx infonavit and they achieved world peace too clowns
143,government mx sedatumx fovissstemx infonavit they love to look stupid right
144,this year infonavit has delivered a thousand credits for selfconstruction directly without intermediaries for improvement
145,they asked what happened to the people who have not been able to pay their credits infonavit with the pandemic the director general
146,this year infonavit has delivered a thousand credits for selfconstruction directly without intermediaries for improvement
147,we address the housing backwardness product of neoliberalism with more than a thousand actions by sedatumx more than
148,este ano infonavit ha entregadomil creditos para autoconstrucion de manera directa sin intermediarios para mejora
149,we address the housing backwardness product of neoliberalism with more than a thousand actions by sedatumx more than
150,we address the housing backwardness product of neoliberalism with more than a thousand actions by sedatumx more than
151,they asked what happened to the people who have not been able to pay their credits infonavit with the pandemic the director g
152,we address the housing backwardness product of neoliberalism with more than a thousand actions by sedatumx more than
153,we address the housing backwardness product of neoliberalism with more than a thousand actions by sedatumx more than
154,we attend to the housing backwardness product of neoliberalism with more than thousand actions by sedatumx ma
155,this year infonavit has delivered a thousand credits for selfconstruction directly without intermediaries for improvement
156,this year infonavit has delivered a thousand credits for selfconstruction directly without intermediaries for improvement
157,incredibly another abandoned project infonavit app lopezobradorinfonavit
158,this year infonavit has delivered a thousand credits for selfconstruction directly without intermediaries to
159,request your infonavit credit prequalify in my infonavit account to know your points and the amount of the credit
160,congratulations to carlosmartinezv general director of infonavit for receiving the men and women of the house award his l
161,members and steering committee congratulate lic carlosmartinezv general director of infonavit for having obtained the
162,today we present the advances in housing and the strategies that we are promoting to directly support the
163,infonavit will be able to place approximately one thousand new credits of one thousand pesos for selfproduction at the end of
164,infonavit will be able to place approximately one thousand new credits of one thousand pesos for selfproduction at the end of
165,the secretary meyerfalcon congratulated the winners of the prizehym including the head of the infonavit carlosmarti
166,the president announces the progress of the sedatumx infonavit and fovissstemx dond housing programs
167,request your infonavit credit prequalify in my infonavit account to know your points and the amount of the credit
168,request your infonavit credit prequalify in my infonavit account to know your points and the amount of the credit
169,infonavit will be able to place approximately one thousand new credits of one thousand pesos for selfproduction after
170,we obtained the certification of best places to work lgbt by the hrc foundation the tra event is still alive
171,entrepreneur friend knows the new support that infonavit offers to your workersmore information
172,affiliates and steering committee congratulate lic carlosmartinezv general director of infonavit for having obtained
173,the secretary meyerfalcon congratulated the winners of the prizehym including the head of the infonavit
174,canadevivm through our president the arqyuri zagorin we congratulate the general director of infonavit for
175,todays president conference will be dedicated to informing the advancement of sedatumx inf housing programs
176,carlos martinez velazquez director of the infonavit reported that during the institute he granted confer credit
177,at the morning conference the secretary meyerfal with the undersecretary davidrcervantes and the headlines delinfonavit and d
178,the general director of the infonavit carlos martinez velazquez commented that the people who worked for the state to
179,i congratulate the infonavit because it has made an important effort to carry out the modification of this law that today
180,the general director of the infonavit carlos martinez velazquez commented that the people who worked for the state to
181,the general director of the infonavit carlos martinez velazquez commented that the people who worked for the state to
182,the th edition of the hym award continues with the participation of the secretary meyerfal with the head of the infonavit carlosma
183,infonavit good afternoon excuse me what is the time it takes to deposit a contribution refund process
184,unicachpress academic workers grouped in spaunicach carry out a march in tuxtlagutierrez chiapas accuse that
185,the general director of the infonavit carlos martinez velazquez commented that the people who worked for the state to
186,the general director of the infonavit carlos martinez velazquez commented that the people who worked for the state
187,on behalf of the developers of the canadevi and our president gonzalomendez we congratulate the general director
188,president andres manuel lopezobrador reported on the progress in housing programs as well as what the
189,i congratulate the infonavit because it has made an important effort to carry out the modification of this law that today
190,i congratulate the infonavit because it has made an important effort to carry out the modification of this law that today
191,i congratulate the infonavit because it has made an important effort to carry out the modification of this law that today
192,infonavit hello i want to know about a loan to build
193,today we present the advances in housing and the strategies that we are promoting to directly support the
194,we obtained the certification of best places to work lgbt by the hrc foundation the tra event is still alive
195,i congratulate the infonavit because it has made an important effort to carry out the modification of this law that
196,president andres manuel lopezobrador reported on the progress in housing programs as well as what the
197,during the pandemic more workers were benefited with unemployment insurance and more workers
198,during the pandemic more workers were benefited with unemployment insurance and more workers
199,during the pandemic more workers were benefited with unemployment insurance and more workers
200,during the pandemic more workers were benefited with unemployment insurance and more
201,during awardhym the winner of the public sector carlosmartinezv general director of infonavit thanks for and
202,i want to thank secretary meyerfalcon and president lopezobrador because they were the ones who promoted the pol
203,enrique vainer general director of sadasioficial presents the hym award in the public sector category to carlosmartin
204,carlosmartinezv ceo infonavit speaks upon receiving the hymen award in the public sector category cob
205,enrique vainer speaks ceo of sadasi officer highlights the performance of carlosmartinezv at the head of the infonav
206,congratulations to carlosmartinezv general director of infonavit for receiving the men and women of the house award his l
207,congratulations carlosmartinezvinfonavit for receiving the award men and women of the casacentrourbano
208,infonavit can you inform me of the status of my claim report to all my neighbors they have already heard about their affectations and i did not
209,today we present the advances in housing and the strategies that we are promoting to directly support the
210,i want to thank secretary meyerfalcon and president lopezobrador because they were the ones who promoted the pol
211,carlosmartinezv general director of infonavit speaks when receiving the award hymen the category public sector cob
212,president andres manuel lopezobrador reported on the progress in housing programs as well as what the
213,today we present the advances in housing and the strategies that we are promoting to directly support the
214,i want to thank secretary meyerfalcon and president lopezobrador because they were the ones who promoted the pol
215,unicachpress academic workers grouped in spaunicach carry out a march in tuxtlagutierrez chiapas accuse that
216,many congratulations carlosmartinezvinfonavit for receiving the award men and women of the house
217,carlosmartinezv general director of infonavit speaks upon receiving the award hymen the category public sector cob
218,i want to thank secretary meyerfalcon and president lopezobrador because they were the ones who promoted
219,carlosmartinezv general director of infonavit speaks when receiving the award hymen the category public sector cob
220,congratulations to carlosmartinezv general director of infonavit for receiving the men and women of the house s award
221,on behalf of the developers of the canadevi and our president gonzalomendez we congratulate the general director
222,president andres manuel lopezobrador reported on the progress in housing programs as well as what the
223,carlosmartinezv general director infonavit speaks upon receiving the hymen award in the public sector category
224,on behalf of the developers of canadevi and our president gonzalomendez we congratulate the director
225,president andres manuel lopezobrador reported on the progress in housing programs as much as he does
226,enrique vainer speaks ceo of sadasi officer highlights the performance of carlosmartinezv at the head of the infonav
227,enrique vainer speaks ceo of sadasi officer highlights the performance of carlosmartinezv at the head of the infonav
228,we obtained the certification of best places to work lgbt by the hrc foundation the tra event is still alive
229,enrique vainer general director of sadasioficial presents the hym award in the public sector category to carlosmartin
230,enrique vainer speaks ceo of sadasi officer highlights the performance of carlosmartinezv at the head of the
231,enrique vainer general director of sadasioficial presents the hym award in the public sector category to
232,sedatumx meyerfalcon infonavit carlosmartinezv dear secretary meyer meyerfalcon your participation in the
233,recently the dst was renewed and with a new administration ratified the commitment to work day
234,we obtained the certification of best places to work lgbt by the hrc foundation the tra event is still alive
235,we obtained the certification of best places to work lgbt by the hrc foundation the tra event is still alive
236,follow the live broadcast of the th hym award ceremony from the infonavit headquarters
237,unicachpress academic workers grouped in spaunicach carry out march in tuxtla gutierrez chiapas accuse
238,in the face of the health and economic crisis due to the covid pandemic the infonavit granted extensions to a thousand workers who
239,in the face of the health and economic crisis due to the covid pandemic the infonavit granted extensions amil works
240,infonavit hello infonavit i am trying to upload a document about mortgage cancellation but apparently the s
241,to address this lag the government of mexico in coordination with institutions such as infonavit and fovissstemx
242,exclusive interview with the delegate of infonavit veracruz erik porres blesa by elpatronfm in olivannews
243,the th edition of the hym award continues with the participation of the secretary meyerfal with the head of the infonavit carlosma
244,the th edition of the hym award continues with the participation of the secretary meyerfal with the head of the infonavit carlosma
245,unicachpress academic workers grouped in spaunicach carry out a march in tuxtlagutierrez chiapas accuse that
246,today at the morning conference president lopezobrador announced the advances in housing programs the director
247,the th edition of the hym award follows with the participation of the secretary meyerfal with the head of the infonavit
248,today at the morning conference president lopezobrador announced the advances in housing programs on
249,millennials discover joint infonavit
250,unicachpress academic workers grouped in spaunicach carry out march in tuxtla gutierrez chiapas accuse
251,the gradual recovery of infonavits mortgage activity continues the oct placement represented the e
252,use up to the total amount of your credit improvement for the payment of labor remodel or repair your home and m
253,on august senator carlos aceves appointed mariomaciasrobl as sector director of workers
254,we surpassed the original goal of placing credits at the end of november we have granted more than a thousand fi
255,follow the live broadcast of the th hym award ceremony from the infonavit headquarters
256,today we present the advances in housing and the strategies that we are promoting to directly support the
257,today we present the advances in housing and the strategies that we are promoting to directly support the
258,pishowthaner infonavit you solved this issue i get the same error
259,infonavit the call does not enter the contsct center and the help for the web page does not work urges me
260,did you know that the last months of the year especially december is when we spend the most on pocket counseling we give you r
261,unicachpress academic workers grouped in spaunicach carry out a march in tuxtlagutierrez chiapas accuse that
262,we surpassed the original goal of placing credits at the end of november we have granted more than a thousand fi
263,unicachpress academic workers grouped in spaunicach march in tuxtlagutierrez chiapas ac
264,imagentvmex infonavit carlosmartinezv with a great lack of sensitivity the infonavit is firing his tr
265,today do not miss the xix edition of the hym award follows the oscardelavivienda ceremony that will be broadcast on
266,many congratulations carlosmartinezvdg infonavit for the men and women of the centrourbano house award we will continue
267,join us i send at pm from facebook live to the xix edition of the hym tra award
268,many congratulations carlosmartinezvdg infonavit for the men and women of the centrourbano house award we will continue
269,we enthusiastically congratulate carlosmartinezv ceo of infonavit for receiving the men and women award
270,many congratulations carlosmartinezvinfonavit for receiving the men and women of the urban center house award
271,today we present the advances in housing and the strategies that we are promoting to directly support the
272,the measurement of the index of prosperous cities cpi cityprosperity of mexico carried out with infonavit and sedatumxdest
273,many congratulations carlosmartinezvdg infonavit for the men and women of the centrourbano house award we will continue
274,many congratulations carlosmartinezvdg infonavit for the men and women of the centrourbano house will continue
275,the measurement of the index of prosperous cities cpi cityprosperity of mexico carried out with infonavit and sedatumxdest
276,sergiolealvinte carlosmartinezv infonavit vintemx centrourbano hello
277,many congratulations carlosmartinezvinfonavit for receiving the award men and women of the house
278,we enthusiastically congratulate carlosmartinezv ceo of infonavit for receiving the men and
279,consult and download your summary of movements from my infonavit account find all the information about your credit
280,public finance credits have been placed from a credit granted by infonavit during in
281,this year the infonavit has granted credits in municipalities with an economic spill of mdp
282,the general director of the infonavit carlos martinez velazquez commented that the people who worked for the state to
283,i share the talk we had with carlosmartinezvdirector general of infonavit with lsdirectores general o
284,invicdmx infonavit hello good afternoon my approval sheet arrived through the engineer who assigned me the in
285,find out the infonavit has granted support to thousands of workers for the payment of their credits during the
286,conference president in addition to the credits to buy a house the infonavit grants other credits credit
287,this morning it was reported that in coordination with the fovissstemx infonavity a thousand actions of
288,the infonavit reported that in addition to the credits to buy a home the infonavit grants other credits
289,infonavit when this option takes effect
290,at the morning conference the secretary meyerfal with the undersecretary davidrcervantes and the headlines delinfonavit and d
291,infonavit a question take us paying my credit and the account statements come to me with the same amount of
292,paradigm shift in sedatumx infonavit fovissstemx is missing a lot to bring down the lag in mexico but change r
293,this morning it was reported that in coordination with the fovissstemx infonavity a thousand actions of
294,this morning it was reported that in coordination with the fovissstemx infonavity a thousand actions of
295,danielmqro granguerrerogu viehalon unionitq ecoonis amqueretaro pamelasiurob brenavellana
296,join us i send at laspm from facebook live to the xix edition of
297,this morning it was reported that in coordination with the fovissstemx infonavity a thousand actions have been launched
298,the cp luis fernando hernandez ozuna fernandoheoz joins us in the citizen voices program general director of i
299,granguerrerogu viehalon arqlorea syndicateitq ecoonis amqueretaro pamelasiurob brenavellana
300,infonavit hello i am selling my apartment but they still do not validate my bank account that is due to banco azte
301,today do not miss the xix edition of the hym award follows the oscardelavivienda ceremony that is broadcast
302,infonavit carlosmartinezv gov ernomx good morning because they better not give us a chance to get a little of our savings
303,still alive to our dg carlosmartinezv during his participation in the morning conference of the government
304,morning the secretary of sedatumxmeyerfalconle reminds people that the savings they have in the infonavit is
305,as infonavito fovissstemx more than a thousand selfproduction actions have been carried out that is the global number at
306,registers overcrowding in the national palace at the conference where the headlines of the infonavit were also
307,carlosmartinezv infonavit meyerfalcon davidrcervantes ednaelenavigate poor people living in those dovecotes
308,to the corruption that reigned in the neoliberal stage lopez obrador began the morning conference highlighting the importance
309,today the government announced new credits from the infonavit home improvement credit with a maximum amount of
310,today we present the advances in housing and the strategies that we are promoting to directly support the
311,know the new supports for your workers that infonavit offers the objective is to provide access to adequate housing
312,in the morning today they will report on the progress of the housing programs of the sedatumx the infonavit and the fovissste
313,we continue to work with operations of infonavity fovissstemx unfortunately they closed banks in
314,the financieromx meyerfalcon noliberal policieswhere the progressives will build the new developments
315,know the new supports for your workers that infonavit offers the objective is to provide access to a home
316,the general director of the infonavit carlos martinez velazquez commented that the people who worked for the state to
317,morning the secretary of sedatumxmeyerfalconle reminds people that the savings they have in the infonavit is
318,the infonavites in charge of granting housing loans supported by the participation of workers
319,this year the infonavit has granted credits in municipalities with an economic spill of mdp
320,today we present the advances in housing and the strategies that we are promoting to directly support the
321,today do not miss the xix edition of the hym award follows the oscardelavivienda ceremony that is broadcast
322,today we present the advances in housing and the strategies that we are promoting to directly support the
323,exceeds infonavit in the original goal of placing unamos credit gutierrez porter more demil finan
324,local informs the barzon that around people are about to lose their infonavit home
325,clarify the director general of the infonavit carlosmartinezv and the executive member of the fovissste agustin gustavo rodrigue
326,the head of the infonavit carlosmartinezv said that the placement of credits has recovered steadily since e
327,infonavit i ask for your help since the fovissste portal to process the umas to pesos does not give any answer
328,envivo undersecretary davidrcervantes presented the progress in the delivery of subsidies to families not affiliated to infonav
329,today do not miss the xix edition of the hym award follows the oscardelavivienda ceremony that is broadcast
330,in the morning l√≥pez obrador thanked the legislators for the approval of the reform that allows people to
331,morning the secretary of sedatumxmeyerfalconle reminds people that the savings they have in the infonavit is
332,morning the secretary of sedatumxmeyerfalconle reminds people that the savings they have in the infonavit is
333,you want to build your own house in the pesos that if they count meyerfalcon owner of the sedatumx tells us about dec
334,infonavit to make a payment from scotiabank which is the reference
335,housing the general director of infonavit carlos martinez velazquez recalled that we lend them to improve you
336,today we present the advances in housing and the strategies that we are promoting to directly support the
337,sagoavaluos to november delivers infonavit more than a thousand credits
338,roman meyer falcon meyerfalcon head of sedatumx reported in collaboration with infonavit and fovissstemx have put
339,nos acompana en el programa de vocesciudadanas el c p luis fernando hernandez ozuna fernandoheoz director gener
340,housing the general director of the infonavit carlos martinez velazquez carlosmartinezv reported that a month
341,today we present the advances in housing and the strategies that we are promoting to directly support the
342,adelamicha with the infonavit they should do the same they are credits that are paid up to times or it ends in p
343,roman meyer falcon meyerfalcon head of sedatumx reported in collaboration with infonavit and fovissstemx h
344,the general director of the infonavit carlos martinez velazquez commented that the people who worked for the state to
345,in the morning in brief i gave housing very soon it will not be necessary for the workers to meet
346,arqlorea syndicateitq ecoonis amqueretaro pamelasiurob brenavellana qrocommunity paoesc jurquizar
347,this year the infonavit has granted credits in municipalities with a demdp economic spill
348,infonavit hello good morning i want to ask about my balance that i owe to infonavit on the page my account does not respond
349,now news now republic go a thousand supports in credits of the infonavit by covid thousand were pro
350,the government the fovissstemx and the infonavit launched more than a thousand actions with an investment of
351,today do not miss the xix edition of the hym award follows the oscardelavivienda ceremony that will be broadcast
352,morning the secretary of sedatumxmeyerfalconle reminds people that the savings they have in the infonavit is
353,conference president lopezobrador thanked the deputies for the approval of the reform that allows
354,today do not miss the xix edition of the hym award follows the oscardelavivienda ceremony that is broadcast
355,the general director of infonavit carlosmartinezv explains the changes that would be made with the housing reform conf
356,and in mexico arturoherrerag banxico cnbvmx lopezobradorinfonavit
357,what happened this year in the housing sector and what will happen in it do not miss this talk with carlosmartinezv info
358,news today in detail from infonavitfovissstemx sedatumx asocbancosmx enrique margain from hsbcmx
359,today do not miss the xix edition of the hym award follows the oscardelavivienda ceremony that is broadcast
360,at the morning conference the secretary meyerfal with the undersecretary davidrcervantes and the headlines delinfonavit and d
361,conference president lopezobrador thanked the deputies for the approval of the reform that allows people to
362,morning the secretary of sedatumxmeyerfalconle reminds people that the savings they have in the infonavit is
363,carlosaugusto government infonavit was already necessary but only a government with social vision could make it real
364,meyerfalcon sedatumx conavimx fovissstemx infonavit if there is no change of model and the financialization of the
365,the general director of the infonavit carlos martinez velazquez commented that the people who worked for the state to
366,today the government announced new credits from the infonavit home improvement credit with a maximum amount of
367,today the government announced new credits from the infonavit home improvement credit with a maximum amount of
368,xeunoticias infonavit fovissstemx hopefully do something for those who were abandoned by homex whom the municipalities do not help
369,still alive to our dg carlosmartinezv during his participation in the morning conference of the government
370,today we present the advances in housing and the strategies that we are promoting to directly support the
371,mananethe secretary of sedatumxmeyerfalconle reminds people that the savings they have in the infonavit is
372,in the morning lopezobrador thanked the legislators for the approval of the reform that allows people who
373,the general director of infonavit carlosmartinezv explains the changes that would be made with the housing reform
374,vicenteserrano infonavit will be the fovissstemx state workers
375,notes canadevi vm infonavit exceeds original goal of join credits and records increase in public affiliates
376,morning the secretary of sedatumxmeyerfalconle reminds people that the savings they have in the infonavit is
377,the president announces the progress of the sedatumx infonavit and fovissstemx dond housing programs
378,interesting infonavit report in the morning today an example formalized credits of the tripartite body
379,vicenteserrano infonavit the courage and hatred they have for all youtube is because without having a salary and
380,like infonavit or fovissstemx more than a thousand selfproduction actions have been carried out that is the global number
381,registers overcrowding in the national palace at the conference where the headlines of the infonavit were also
382,to the corruption that reigned in the neoliberal stage lopez obrador began the morning conference highlighting the importance of
383,the president announces the progress of the sedatumx infonavit and fovissstemx housing programs
384,the general director of the infonavit carlos martinez velazquez commented that the people who worked for the state
385,today we present the advances in housing and the strategies that we are promoting to directly support the
386,morning the secretary of sedatumxmeyerfalconle reminds people that the savings they have in the infonavit is
387,the general director of infonavit carlosmartinezv presents the advances in the placement of loans for housing
388,the director of the infonavit carlos martinez velazquez communicated that during the covid pandemic he supported himself with extensions
389,morning the secretary of sedatumxmeyerfalconle reminds people that the savings they have in the infonavit is
390,conference president the director of infonavit carlos martinez velazquez reported that during the pandemic of
391,morning the secretary of sedatumxmeyerfalconle reminds people that the savings they have in the
392,in the morning lopezobrador thanked the legislators for the approval of the reform that allows people to
393,entrepreneur friend knows the new support that infonavit offers to your workersmore information
394,today we present the advances in housing and the strategies that we are promoting to directly support the
395,at the morning conference the secretary meyerfal with the undersecretary davidrcervantes and the headlines of the infonavit
396,live the undersecretary davidrcervantes exposed the advances in the delivery of subsidies to families not affiliated to infonavit
397,the head of the infonavit carlosmartinezv said that credit placement has recovered steadily since
398,infonavit carlosmartinezv government good day a question what is the procedure to follow for a retiree
399,today we present the advances in housing and the strategies that we are promoting to directly support the
400,today do not miss the xix edition of the hym award follows the oscardelavivienda ceremony that is broadcast
401,meyerfalcon sedatumx conavimx fovissstemx infonavit i see the same eyes as my dear lorenzo meyer
402,clarify the general director of the infonavit carlosmartinezv and the executive member of the fovissste agustin gustavo rodriguez
403,the general director of infonavit carlosmartinezv mentions options and modalities to benefit workers
404,the general director of infonavit carlosmartinezv presents the advances in the placement of loans for housing
405,today we present the advances in housing and the strategies that we are promoting to directly support the
406,xeunoticias infonavit fovissstemx and what is he doing so i did not know so he has been saying things for two years
407,in the morning briefly this morning lopezobrador reported on the progress of the federal program
408,today we present the advances in housing and the strategies that we are promoting to directly support the
409,conference president lopezobrador thanked the deputies for the approval of the reform that allows
410,infonavit carlosmartinezv gobiernomx with respect to housing credits the property title is a requirement
411,today we present the advances in housing and the strategies that we are promoting to directly support the
412,clarify the general director of the infonavit carlosmartinezv and the executive member of the fovissste agustin gustavo
413,in search of the wellbeing of our borrowers and beneficiaries from the beginning of the new stage in the dst requests
414,patmercadoc satmx tuimss infonavit systems immediately detect payments for outsourcing services
415,today we present the advances in housing and the strategies that we are promoting to directly support the
416,at the morning conference the secretary meyerfal with the undersecretary davidrcervantes and the headlines delinfonavit and d
417,the director of the infonavit carlos martinez velazquez communicated that during the covid pandemic he supported himself with extensions
418,today we present the advances in housing and the strategies that we are promoting to directly support the
419,conference president in addition to the credits to buy a house the infonavit grants other credits credit
420,conference president one thousand workers requested to the infonavit extensions of credit payments due to
421,lecture president the director of infonavit carlos martinez velazquez reported that during the voc pandemic
422,the head of the infonavit carlosmartinezv said that the placement of credits has recovered steadily since e
423,the director of the infonavit carlos martinez velazquez communicated that during the covid pandemic he supported himself with extensions
424,channel catorcemx jenarovillamil infonavit to carlomartinez i surpassed him infonavit problems are not resolved l
425,for his part carlosmartinezv directorate general of infonavit reported that the placement of credits is largely due
426,guruchuirer infonavit no doubt we are already like venezuela
427,today in the morning the president lopezobrador makes an important announcement p workers ask infonavit
428,at the moment meyerfalcon carlosmartinezv arqagustin holders of sedatumx infonavit and fovissstemx participates
429,the general director of infonavit carlosmartinezv mentions options and modalities to benefit the workers
430,conference president amlo points out that neoliberal governments left a thousand homes abandoned
431,in search of the wellbeing of our borrowers and beneficiaries from the beginning of the new stage in the dst requests
432,with a new vision our sector director mariomaciasrobl has given a turn to the dst always putting the good first
433,conference president the director of infonavit carlos martinez velazquez reported that during the voc pandemic
434,the director of the infonavit carlos martinez velazquez reported that during the covid pandemic he supported himself with pro
435,neoliberal governments and relatives of politicians left a thousand infonavit homes abandoned and
436,conference president the director of the infonavit carlos martinez velazquez said that during the infonavit
437,canalcatorcemx jenarovillamil infonavit look at what basic services or who will forgive them
438,conference president the director of infonavitcarlos martinez velazquez said that during the infonavit
439,the morning during the coronavirus pandemic infonavit has supported nearly a thousand people with extensions
440,president conference in addition to the credits to buy a house the infonavit grants other credits credit
441,so much so that the secretary of urban development is doing the infonavit there are many actions of the best
442,conference president the director of infonavitcarlos martinez velazquez said that during the infonavit
443,the general director of infonavit carlosmartinezv presents the advances in the placement of loans for housing
444,president conference in addition to the credits to buy a house the infonavit grants other credits credit
445,lecture president the director of infonavit carlos martinez velazquez reported that during the voc pandemic
446,now the director of the infonavit carlos martinez velazquez reported that during the covid pandemic he supported himself with
447,now the director of the infonavit carlos martinez velazquez reported that during the covid pandemic
448,today we present the advances in housing and the strategies that we are promoting to directly support the
449,the head of the infonavit carlosmartinezv said that the placement of credits has recovered steadily
450,press conference president conference with the arrival of the t now if i am considering using my infon
451,exposes the director general of infonavit that in the face of the pandemic extensions for the
452,infonavit reports from the spring diagnosis of housing in mexico the support did not reach those most
453,remind people that the savings they have in infonavit are theirs we are serving people who do not adhere
454,carlos martinez velazquez director of the infonavit reported that during the institute he granted confer credit
455,senator with the use of technology and with due coordination between satmx tuimss and infonavit
456,the general director of infonavit carlosmartinezv presents the advances in the placement of loans for housing
457,the director of the infonavit carlos martinez velazquez details that so far this year more than
458,at the morning conference the secretary meyerfal with the undersecretary davidrcervantes and the headlines delinfonavit and d
459,conference president the director of infonavit carlos martinez velazquez reported that during the pandemic of
460,now in addition to the credits to buy a house the infonavit grants other credit improvement credits
461,in the morning today they will report on the progress of the housing programs of the sedatumx the infonavit and the fovissste
462,carlos martinez velazquez director of infonavit reported that during the institute he granted confer credits
463,in the morning today they will report on the progress of the housing programs of the sedatumx the infonavit and the
464,at the morning conference the secretary meyerfal with the undersecretary davidrcervantes and the headlines delinfonavit and d
465,carlos martinez velazquez director of the infonavit reported that during the institute he granted credits
466,now the director of the infonavitcarlos martinez velazquez stated that during the infonavit he has granted
467,president conference in addition to the credits to buy a house the infonavit grants other credits credit
468,conference president the director of infonavitcarlos martinez velazquez said that during the infonavit
469,president conference during the governmentmx performs actions of direct support to people for their housing
470,president conference today will report on the progress of the sedatumx housing programs the infonavit
471,president conference in addition to the credits to buy a house the infonavit grants other credits
472,today we present the advances in housing and the strategies that we are promoting to directly support the
473,regarding the selfproduction strategy for housing meyerfalcon pointed out that the government in coordination with
474,amlo presents a report on the progress of the housing programs of the sedatumx the infonavit and the
475,president conference the director of infonavit carlos martinez velazquez said that during the
476,still alive to our dg carlosmartinezv during his participation in the morning conference of the government
477,shortly our dg carlosmartinezv will participate in the morning conference of the government
478,due to the health emergency we suspend the attention to the public in our cesi cuautitlan on friday in november
479,envivo undersecretary davidrcervantes presented the progress in the delivery of subsidies to families not affiliated with infonavit
480,envivo undersecretary davidrcervantes presented the progress in the delivery of subsidies to families not affiliated with infonavit
481,at the morning conference the secretary meyerfal with the undersecretary davidrcervantes and the headlines of the infonavit and d
482,todays president conference will be dedicated to informing the advancement of sedatumx inf housing programs
483,today we present the advances in housing and the strategies that we are promoting to directly support the
484,so much what the secretary of urban development is doing the infonavit are many actions d
485,today we present the advances in housing and the strategies that we are promoting to directly support the
486,now during the government it carries out actions of direct support to the people for their housing for u
487,president conference today will report on the progress of the sedatumx housing programs the infonavit
488,today we present the advances in housing and the strategies that we are promoting to directly support the
489,at the morning conference the secretary meyerfal with the undersecretary davidrcervantes and the headlines delinfonavit and d
490,president lopezobrador specifies that today he will report on the progress made in housing programs
491,you want to build your own house in the pesos that if they count meyerfalcon owner of the sedatumx tells us about dec
492,patmercadoc senator with the use of technology and with due coordination between satmx tuimss and
493,today we present the advances in housing and the strategies that we are promoting to directly support the
494,president conference during government performs actions of direct support to the people for their
495,todays president conference will be dedicated to informing the progress of sedatumxs housing programs
496,today we present the advances in housing and the strategies that we are promoting to directly support the
497,at the moment meyerfalcon carlosmartinezv arqagustin holders of sedatumx infonavit and fovissstemx par
498,today we will report on the progress of the housing programs of the sedatumx the infonavit and the fovissstemx that
499,infonavit carlosmartinezv governedomx if i were their dg i would send them to chasm
500,good thursday amlos morning is now dedicated to sedatumx and infonavit housing support
